<application>
  <component name="PostfixTemplates">
    <template id="qs@userDefined" key=".qs" provider="builtin.js" language-level="ES6" topmost="true">
      <conditions />
      <template name="fakeKey" value="document.querySelector(&quot;$EXPR$&quot;);$END$" description="" toReformat="true" toShortenFQNames="true" />
    </template>
    <template id="qsa@userDefined" key=".qsa" provider="builtin.js" language-level="ES6" topmost="false">
      <conditions />
      <template name="fakeKey" value="document.querySelectorAll(&quot;$EXPR$&quot;);$END$" description="" toReformat="true" toShortenFQNames="true" />
    </template>
  </component>
</application>