<application>
  <component name="ProjectManager">
    <defaultProject>
      <component name="ComposerSettings">
        <execution />
      </component>
      <component name="ProjectViewState">
        <option name="hideEmptyMiddlePackages" value="true" />
        <option name="showLibraryContents" value="true" />
      </component>
      <component name="PropertiesComponent">{}</component>
      <component name="WindowStateProjectService">
        <state x="739" y="253" key="FileChooserDialogImpl" timestamp="1724688671279">
          <screen x="0" y="0" width="1920" height="1032" />
        </state>
        <state x="739" y="253" key="FileChooserDialogImpl/0.0.1920.1032" timestamp="1724688671279" />
      </component>
    </defaultProject>
  </component>
</application>