<application>
  <component name="Trusted.Paths">
    <option name="TRUSTED_PROJECT_PATHS">
      <map>
        <entry key="C:\Users\baki\PhpstormProjects\untitled" value="true" />
        <entry key="C:\Users\baki\workspace\car-service" value="true" />
        <entry key="C:\Users\baki\workspace\express-ts" value="true" />
        <entry key="C:\Users\baki\workspace\ng-tut" value="true" />
        <entry key="C:\Users\baki\workspace\php-test" value="true" />
      </map>
    </option>
  </component>
  <component name="Trusted.Paths.Settings">
    <option name="TRUSTED_PATHS">
      <list>
        <option value="C:\Users\baki\workspace" />
      </list>
    </option>
  </component>
</application>