<application>
  <component name="Trusted.Paths">
    <option name="TRUSTED_PROJECT_PATHS">
      <map>
        <entry key="C:\Users\baki\PhpstormProjects\untitled" value="true" />
        <entry key="C:\Users\baki\workspace\car-service" value="true" />
        <entry key="C:\Users\baki\workspace\express-ts" value="true" />
        <entry key="C:\Users\baki\workspace\fail-househunt" value="true" />
        <entry key="C:\Users\baki\workspace\househunt" value="true" />
        <entry key="C:\Users\baki\workspace\inzynierka\frontend" value="true" />
        <entry key="C:\Users\baki\workspace\ng-tut" value="true" />
        <entry key="C:\Users\baki\workspace\php-playground" value="true" />
        <entry key="C:\Users\baki\workspace\php-test" value="true" />
        <entry key="C:\Users\baki\workspace\wireguard" value="true" />
        <entry key="C:\wamp64\www" value="true" />
        <entry key="Z:\kalendarze" value="true" />
        <entry key="Z:\kalendarze-dev" value="true" />
      </map>
    </option>
  </component>
  <component name="Trusted.Paths.Settings">
    <option name="TRUSTED_PATHS">
      <list>
        <option value="C:\Users\baki\workspace" />
        <option value="C:\wamp64" />
        <option value="Z:\" />
      </list>
    </option>
  </component>
</application>