<application>
  <component name="DimensionService">
    <location key="find.popup.0.0.1920.1080" x="702" y="133" />
    <location key="find.popup.0.0.1920.1080@120dpi" x="637" y="66" />
    <size key="find.popup.0.0.1920.1080" width="863" height="557" />
    <size key="find.popup.0.0.1920.1080@120dpi" width="839" height="966" />
  </component>
  <component name="WindowManager">
    <frame x="-8" y="-8" width="1936" height="1096" extendedState="6" />
  </component>
  <component name="WindowStateApplicationService">
    <state x="740" y="199" key="FileChooserDialogImpl" timestamp="1724428211001">
      <screen x="0" y="0" width="1920" height="1032" />
    </state>
    <state x="740" y="199" key="FileChooserDialogImpl/0.0.1920.1032" timestamp="1724428211001" />
    <state x="960" y="452" width="800" height="650" key="WELCOME_SCREEN.ideScale=110" timestamp="1729613116512">
      <screen x="0" y="0" width="1920" height="1032" />
    </state>
    <state x="960" y="452" width="800" height="650" key="WELCOME_SCREEN.ideScale=110/0.0.1920.1032" timestamp="1729613116512" />
  </component>
</application>