<application>
  <component name="WindowManager">
    <frame x="260" y="20" width="1400" height="992" extendedState="6" />
  </component>
  <component name="WindowStateApplicationService">
    <state x="740" y="199" key="FileChooserDialogImpl" timestamp="1739036110369">
      <screen x="0" y="0" width="1920" height="1032" />
    </state>
    <state x="740" y="199" key="FileChooserDialogImpl/0.0.1920.1032" timestamp="1739036110369" />
    <state width="653" height="184" key="ShowUsagesActions.dimensionServiceKey.ideScale=110" timestamp="1739387901255">
      <screen x="0" y="0" width="1920" height="1032" />
    </state>
    <state width="653" height="184" key="ShowUsagesActions.dimensionServiceKey.ideScale=110/0.0.1920.1032" timestamp="1739387901255" />
  </component>
</application>