<application>
  <component name="DimensionService">
    <location key="find.popup.0.0.1920.1080" x="702" y="127" />
    <size key="find.popup.0.0.1920.1080" width="672" height="516" />
  </component>
  <component name="WindowManager">
    <frame x="-8" y="-8" width="1936" height="1048" extendedState="6" />
  </component>
  <component name="WindowStateApplicationService">
    <state x="740" y="199" key="FileChooserDialogImpl" timestamp="1724428211001">
      <screen x="0" y="0" width="1920" height="1032" />
    </state>
    <state x="740" y="199" key="FileChooserDialogImpl/0.0.1920.1032" timestamp="1724428211001" />
  </component>
</application>