<keymap version="1" name="Windows copy" parent="$default">
  <action id="ActivateProjectToolWindow">
    <keyboard-shortcut first-keystroke="alt 1" />
    <keyboard-shortcut first-keystroke="ctrl i" second-keystroke="ctrl e" />
  </action>
  <action id="ActivateTODOToolWindow">
    <keyboard-shortcut first-keystroke="ctrl i" second-keystroke="ctrl t" />
  </action>
  <action id="ActivateTerminalToolWindow">
    <keyboard-shortcut first-keystroke="alt f12" />
    <keyboard-shortcut first-keystroke="ctrl t" />
  </action>
  <action id="ActivateVersionControlToolWindow">
    <keyboard-shortcut first-keystroke="ctrl i" second-keystroke="ctrl g" />
  </action>
  <action id="Console.TableResult.ColumnSortAsc" />
  <action id="Console.TableResult.ColumnSortDesc" />
  <action id="EditorCloneCaretAbove">
    <keyboard-shortcut first-keystroke="shift alt up" />
  </action>
  <action id="EditorCloneCaretBelow">
    <keyboard-shortcut first-keystroke="shift alt down" />
  </action>
  <action id="EditorDown">
    <keyboard-shortcut first-keystroke="down" />
    <keyboard-shortcut first-keystroke="ctrl n" />
  </action>
  <action id="EditorUp">
    <keyboard-shortcut first-keystroke="up" />
    <keyboard-shortcut first-keystroke="ctrl p" />
  </action>
  <action id="FileChooser.NewFolder">
    <keyboard-shortcut first-keystroke="alt insert" />
  </action>
  <action id="FileChooser.TogglePathBar" />
  <action id="FindNext">
    <keyboard-shortcut first-keystroke="f3" />
  </action>
  <action id="Generate.Missing.Members.ES6" />
  <action id="Generate.Missing.Members.TypeScript" />
  <action id="GotoClass" />
  <action id="GotoFile">
    <keyboard-shortcut first-keystroke="ctrl g" />
  </action>
  <action id="GotoLine" />
  <action id="GotoRow" />
  <action id="ImplementMethods" />
  <action id="MoveEditorToOppositeTabGroup">
    <keyboard-shortcut first-keystroke="alt m" />
  </action>
  <action id="MoveLineDown" />
  <action id="MoveLineUp" />
  <action id="MoveTabDown">
    <keyboard-shortcut first-keystroke="alt s" />
  </action>
  <action id="MoveTabRight">
    <keyboard-shortcut first-keystroke="alt v" />
  </action>
  <action id="NewElement">
    <keyboard-shortcut first-keystroke="alt insert" />
    <keyboard-shortcut first-keystroke="ctrl i" second-keystroke="ctrl f" />
  </action>
  <action id="NextSplitter">
    <keyboard-shortcut first-keystroke="ctrl l" />
  </action>
  <action id="OpenFile">
    <keyboard-shortcut first-keystroke="ctrl i" second-keystroke="ctrl o" />
  </action>
  <action id="OpenInBrowserGroup">
    <keyboard-shortcut first-keystroke="shift alt r" />
  </action>
  <action id="ParameterInfo" />
  <action id="PrevSplitter">
    <keyboard-shortcut first-keystroke="ctrl h" />
  </action>
  <action id="RerunTests" />
  <action id="SearchEverywhere">
    <keyboard-shortcut first-keystroke="ctrl i" second-keystroke="ctrl i" />
  </action>
  <action id="SelectIn">
    <keyboard-shortcut first-keystroke="alt f1" />
    <keyboard-shortcut first-keystroke="alt e" />
  </action>
  <action id="SelectNextOccurrence">
    <keyboard-shortcut first-keystroke="alt j" />
    <keyboard-shortcut first-keystroke="alt n" />
  </action>
  <action id="Terminal.ClearBuffer" />
  <action id="TypeHierarchy" />
  <action id="TypeHierarchyBase.BaseOnThisType" />
  <action id="UnselectPreviousOccurrence">
    <keyboard-shortcut first-keystroke="shift alt j" />
    <keyboard-shortcut first-keystroke="alt p" />
  </action>
  <action id="UsageFiltering.Imports" />
  <action id="Vcs.Log.FocusTextFilter" />
  <action id="Vcs.ToggleAmendCommitMode" />
  <action id="Vcs.UpdateProject" />
  <action id="XDebugger.MoveWatchDown" />
  <action id="org.intellij.plugins.markdown.ui.actions.styling.ToggleItalicAction" />
</keymap>